iter,victim_count,combined_rows,combined_breach_rate_pct
5,5,150,60.666666666666664
10,5,150,60.666666666666664
20,5,150,64.0
